{
  "name": "jquery.filer",
  "version": "1.0.5",
  "main": "js/jquery.filer.min.js",
  "ignore": [
    "**/.*",
    "bower_components",
    "test"
  ],
  "homepage": "https://filer.grandesign.md/",
  "authors": [
    "CreativeDream <yuliangagarin@mail.ru>"
  ],
  "description": "Simple HTML5 File Uploader, a plugin tool for jQuery which change completely File Input and make it with multiple file selection, drag&drop support, different validations, thumbnails, icons, instant upload, print-screen upload and many other features and options.",
  "license": "MIT",
  "dependencies": {
    "jquery": ">= 1.7.2"
  },
  "_release": "1.0.5",
  "_resolution": {
    "type": "version",
    "tag": "v1.0.5",
    "commit": "127073fe7685217428979bec48cef5239b235f44"
  },
  "_source": "https://github.com/CreativeDream/jquery.filer.git",
  "_target": "*",
  "_originalSource": "jquery.filer"
}