[{"model": "core.baselayer", "pk": 3, "fields": {"order": 0, "name": "OpenStreetMap", "title": "OSM", "icon": "", "description": "", "property": "{\r\n   \"crs\":{\r\n      \"epsg\":3857,\r\n      \"proj4\":\"+proj=merc +a=6378137 +b=6378137 +lat_ts=0.0 +lon_0=0.0 +x_0=0.0 +y_0=0 +k=1.0 +units=m +nadgrids=@null +wktext +no_defs\",\r\n      \"geographic\":False,\r\n      \"axisinverted\":False\r\n   },\r\n   \"scalebasedvisibility\":False,\r\n   \"minscale\":100000000,\r\n   \"maxscale\":0,\r\n   \"servertype\":\"OSM\",\r\n   \"attribution\":\"<a href='https://www.openstreetmap.org/copyright'>OpenStreetMap contributors</a>\"\r\n}"}}, {"model": "core.baselayer", "pk": 4, "fields": {"order": 1, "name": "Bing Streets", "title": "Bing Streets", "icon": "", "description": "", "property": "{\r\n  \"crs\": {\r\n      \"epsg\":3857,\r\n      \"proj4\":\"+proj=merc +a=6378137 +b=6378137 +lat_ts=0.0 +lon_0=0.0 +x_0=0.0 +y_0=0 +k=1.0 +units=m +nadgrids=@null +wktext +no_defs\",\r\n      \"geographic\":False,\r\n      \"axisinverted\":False\r\n   },\r\n  \"title\": \"Bing Strade\",\r\n  \"scalebasedvisibility\": False,\r\n  \"minscale\": 100000000,\r\n  \"maxscale\": 0,\r\n  \"servertype\": \"Bing\",\r\n  \"source\": {\r\n    \"subtype\": \"streets\"\r\n  }\r\n}"}}, {"model": "core.baselayer", "pk": 5, "fields": {"order": 3, "name": "Bing Aerial With Labels", "title": "Bing Aerial With Labels", "icon": "", "description": "", "property": "{\r\n  \"crs\": {\r\n      \"epsg\":3857,\r\n      \"proj4\":\"+proj=merc +a=6378137 +b=6378137 +lat_ts=0.0 +lon_0=0.0 +x_0=0.0 +y_0=0 +k=1.0 +units=m +nadgrids=@null +wktext +no_defs\",\r\n      \"geographic\":False,\r\n      \"axisinverted\":False\r\n   },\r\n  \"title\": \"Bing Aerial with labels\",\r\n  \"scalebasedvisibility\": False,\r\n  \"minscale\": 100000000,\r\n  \"maxscale\": 0,\r\n  \"servertype\": \"Bing\",\r\n  \"source\": {\r\n    \"subtype\": \"aerialwithlabels\"\r\n  }\r\n}"}}, {"model": "core.baselayer", "pk": 6, "fields": {"order": 2, "name": "Bing Aerial", "title": "Bing Aerial", "icon": "", "description": "", "property": "{\r\n  \"crs\": {\r\n      \"epsg\":3857,\r\n      \"proj4\":\"+proj=merc +a=6378137 +b=6378137 +lat_ts=0.0 +lon_0=0.0 +x_0=0.0 +y_0=0 +k=1.0 +units=m +nadgrids=@null +wktext +no_defs\",\r\n      \"geographic\":False,\r\n      \"axisinverted\":False\r\n   },\r\n  \"title\": \"Bing Aerial\",\r\n  \"scalebasedvisibility\": False,\r\n  \"minscale\": 100000000,\r\n  \"maxscale\": 0,\r\n  \"servertype\": \"Bing\",\r\n  \"source\": {\r\n    \"subtype\": \"aerial\"\r\n  }\r\n}"}}]