[
{
  "model": "core.generalsuitedata",
  "pk": 2,
  "fields": {
    "title": "G3W-SUITE",
    "title_it": "G3W-SUITE",
    "title_en": null,
    "title_fr": null,
    "title_fi": null,
    "title_se": null,
    "sub_title": "Geosuite",
    "sub_title_it": "Geosuite",
    "sub_title_en": null,
    "sub_title_fr": null,
    "sub_title_fi": null,
    "sub_title_se": null,
    "home_description": "Lorem ipsum dolor sit amet, consectetur adipiscing elit. Nam fringilla augue nec est tristique auctor. <br>Morbi ornare lectus quis justo gravida semper.",
    "home_description_it": "Lorem ipsum dolor sit amet, consectetur adipiscing elit. Nam fringilla augue nec est tristique auctor. <br>Morbi ornare lectus quis justo gravida semper.",
    "home_description_en": null,
    "home_description_fr": null,
    "home_description_fi": null,
    "home_description_se": null,
    "about_title": "G3W-SUITE is a geo suite administration system",
    "about_title_it": "G3W-SUITE is a geo suite administration system",
    "about_title_en": null,
    "about_title_fr": null,
    "about_title_fi": null,
    "about_title_se": null,
    "about_description": "Lorem ipsum dolor sit amet, consectetur adipiscing elit. Nam fringilla augue nec est tristique auctor. Donec non est at libero vulputate rutrum. Morbi ornare lectus quis justo gravida semper. Nulla tellus mi, vulputate adipiscing cursus eu, suscipit id nulla. Donec a neque libero. Pellentesque aliquet, sem eget laoreet ultrices, ipsum metus feugiat sem, quis fermentum turpis eros eget velit. Donec ac tempus ante.",
    "about_description_it": "Lorem ipsum dolor sit amet, consectetur adipiscing elit. Nam fringilla augue nec est tristique auctor. Donec non est at libero vulputate rutrum. Morbi ornare lectus quis justo gravida semper. Nulla tellus mi, vulputate adipiscing cursus eu, suscipit id nulla. Donec a neque libero. Pellentesque aliquet, sem eget laoreet ultrices, ipsum metus feugiat sem, quis fermentum turpis eros eget velit. Donec ac tempus ante.",
    "about_description_en": null,
    "about_description_fr": null,
    "about_description_fi": null,
    "about_description_se": null,
    "about_name": "GIS3W S.a.s.",
    "about_name_it": "GIS3W S.a.s.",
    "about_name_en": null,
    "about_name_fr": null,
    "about_name_fi": null,
    "about_name_se": null,
    "about_tel": "+39 347 6597931",
    "about_email": "info@gis3w.it",
    "about_address": "V.le G. Verdi 51016, Montecatini Terme, Italy",
    "groups_title": "Access to backeng administration stystem or logout",
    "groups_title_it": "Access to backeng administration stystem or logout",
    "groups_title_en": null,
    "groups_title_fr": null,
    "groups_title_fi": null,
    "groups_title_se": null,
    "groups_map_description": "Lorem ipsum dolor sit amet, consectetur adipiscing elit. Nam fringilla augue nec est tristique auctor. Donec non est at libero vulputate rutrum. Morbi ornare lectus quis justo gravida semper. Nulla tellus mi, vulputate adipiscing cursus eu, suscipit id nulla. Donec a neque libero. Pellentesque aliquet, sem eget laoreet ultrices, ipsum metus feugiat sem, quis fermentum turpis eros eget velit. Donec ac tempus ante.",
    "groups_map_description_it": "Lorem ipsum dolor sit amet, consectetur adipiscing elit. Nam fringilla augue nec est tristique auctor. Donec non est at libero vulputate rutrum. Morbi ornare lectus quis justo gravida semper. Nulla tellus mi, vulputate adipiscing cursus eu, suscipit id nulla. Donec a neque libero. Pellentesque aliquet, sem eget laoreet ultrices, ipsum metus feugiat sem, quis fermentum turpis eros eget velit. Donec ac tempus ante.",
    "groups_map_description_en": null,
    "groups_map_description_fr": null,
    "groups_map_description_fi": null,
    "groups_map_description_se": null,
    "login_title": "Accesso al sistema di amministrazione",
    "login_title_it": "Accesso al sistema di amministrazione",
    "login_title_en": null,
    "login_title_fr": null,
    "login_title_fi": null,
    "login_title_se": null,
    "login_description": "Lorem ipsum dolor sit amet, consectetur adipiscing elit. Nam fringilla augue nec est tristique auctor. Donec non est at libero vulputate rutrum. Morbi ornare lectus quis justo gravida semper. Nulla tellus mi, vulputate adipiscing cursus eu, suscipit id nulla. Donec a neque libero. Pellentesque aliquet, sem eget laoreet ultrices, ipsum metus feugiat sem, quis fermentum turpis eros eget velit. Donec ac tempus ante.",
    "login_description_it": "Lorem ipsum dolor sit amet, consectetur adipiscing elit. Nam fringilla augue nec est tristique auctor. Donec non est at libero vulputate rutrum. Morbi ornare lectus quis justo gravida semper. Nulla tellus mi, vulputate adipiscing cursus eu, suscipit id nulla. Donec a neque libero. Pellentesque aliquet, sem eget laoreet ultrices, ipsum metus feugiat sem, quis fermentum turpis eros eget velit. Donec ac tempus ante.",
    "login_description_en": null,
    "login_description_fr": null,
    "login_description_fi": null,
    "login_description_se": null,
    "suite_logo": "",
    "url_suite_logo": null,
    "credits": "<p>test custom credits<br></p>",
    "credits_it": "<p>test custom credits<br></p>",
    "credits_en": null,
    "credits_fr": null,
    "credits_fi": null,
    "credits_se": null,
    "main_map_title": null,
    "main_map_title_it": null,
    "main_map_title_en": null,
    "main_map_title_fr": null,
    "main_map_title_fi": null,
    "main_map_title_se": null,
    "facebook_url": "https://www.facebook.com/gis3w.sas/",
    "twitter_url": "https://twitter.com/_gis3w_",
    "googleplus_url": null,
    "youtube_url": null,
    "instagram_url": null,
    "flickr_url": null,
    "tripadvisor_url": null
  }
}
]
