[
{
   "model": "core.mapcontrol",
   "pk": 1,
   "fields": {
      "order": 1,
      "name": "zoom",
      "description": ""
   }
},
{
   "model": "core.mapcontrol",
   "pk": 2,
   "fields": {
      "order": 2,
      "name": "zoombox",
      "description": ""
   }
},
{
   "model": "core.mapcontrol",
   "pk": 3,
   "fields": {
      "order": 5,
      "name": "query",
      "description": ""
   }
},
{
   "model": "core.mapcontrol",
   "pk": 4,
   "fields": {
      "order": 10,
      "name": "scaleline",
      "description": ""
   }
},
{
   "model": "core.mapcontrol",
   "pk": 5,
   "fields": {
      "order": 9,
      "name": "overview",
      "description": ""
   }
},
{
   "model": "core.mapcontrol",
   "pk": 6,
   "fields": {
      "order": 6,
      "name": "querybbox",
      "description": ""
   }
},
{
   "model": "core.mapcontrol",
   "pk": 7,
   "fields": {
      "order": 7,
      "name": "querybypolygon",
      "description": ""
   }
},
{
   "model": "core.mapcontrol",
   "pk": 8,
   "fields": {
      "order": 4,
      "name": "zoomtoextent",
      "description": ""
   }
},
{
   "model": "core.mapcontrol",
   "pk": 9,
   "fields": {
      "order": 11,
      "name": "geolocation",
      "description": ""
   }
},
{
   "model": "core.mapcontrol",
   "pk": 10,
   "fields": {
      "order": 12,
      "name": "streetview",
      "description": ""
   }
},
{
   "model": "core.mapcontrol",
   "pk": 11,
   "fields": {
      "order": 13,
      "name": "nominatim",
      "description": ""
   }
},
{
   "model": "core.mapcontrol",
   "pk": 12,
   "fields": {
      "order": 14,
      "name": "addlayers",
      "description": "Add kml and GeoJSON overlay layers to map."
   }
},
{
   "model": "core.mapcontrol",
   "pk": 13,
   "fields": {
      "order": 15,
      "name": "length",
      "description": "Measure lenght control."
   }
},
{
   "model": "core.mapcontrol",
   "pk": 14,
   "fields": {
      "order": 16,
      "name": "area",
      "description": "Measure area control."
   }
},
{
   "model": "core.mapcontrol",
   "pk": 15,
   "fields": {
      "order": 17,
      "name": "mouseposition",
      "description": "Cursor position in map unit."
   }
},
{
   "model": "core.mapcontrol",
   "pk": 16,
   "fields": {
      "order": 18,
      "name": "scale",
      "description": "Map control for show intercative scale map."
   }
},
{
   "model": "core.mapcontrol",
   "pk": 17,
   "fields": {
      "order": 19,
      "name": "screenshot",
      "description": ""
   }
},
{
   "model": "core.mapcontrol",
   "pk": 18,
   "fields": {
      "order": 20,
      "name": "geoscreenshot",
      "description": ""
   }
},
{
   "model": "core.mapcontrol",
   "pk": 19,
   "fields": {
      "order": 8,
      "name": "querybydrawpolygon",
      "description": ""
   }
},
{
   "model": "core.mapcontrol",
   "pk": 20,
   "fields": {
      "order": 3,
      "name": "zoomhistory",
      "description": ""
   }
}
]
